"SUID","EnrichmentMap::Colouring (Ni2CK_egg_go_ko)","EnrichmentMap::ES (Ni2CK_egg_go_ko)","EnrichmentMap::fdr_qvalue (Ni2CK_egg_go_ko)","EnrichmentMap::Formatted_name","EnrichmentMap::fwer_qvalue (Ni2CK_egg_go_ko)","EnrichmentMap::Genes","EnrichmentMap::GS_DESCR","EnrichmentMap::gs_size","EnrichmentMap::GS_Type","EnrichmentMap::Name","EnrichmentMap::NES (Ni2CK_egg_go_ko)","EnrichmentMap::pvalue (Ni2CK_egg_go_ko)","name","selected","shared name"
"3318","0.9974","0.7986","0.2499","1MUTQ
","0.3653","WP_011236835.1|WP_050417438.1|WP_066882891.1|WP_132249930.1|OYU48789.1|OYY58949.1|WP_015437464.1|TCW38113.1|WP_035678795.1|WP_117607631.1|RDE50182.1|WP_007680863.1|KFB70734.1|WP_004721665.1|WP_126463609.1|WP_002931890.1","Belongs to the IlvD Edd family","16","ENR","1MUTQ","1.7848","0.0026","1MUTQ","false","1MUTQ"
"3319","-0.9948","-0.5535","0.1449","GO:0016208
","0.9966","WP_113039516.1|WP_004356433.1|WP_011287385.1|OYX42542.1|WP_027458181.1|WP_066879354.1|WP_094267692.1|WP_117608985.1|WP_121428293.1|RTL28235.1|WP_133591291.1|TEX48162.1|WP_079500942.1|KGA11706.1|WP_051313492.1|WP_082590223.1|WP_108515188.1|PYQ36883.1|WP_121352471.1|EXI67290.1|WP_106750131.1|WP_108176231.1|EXI90485.1|KFB77558.1|WP_016445177.1|CDW92237.1|WP_026687144.1|WP_056321934.1|WP_056881558.1|WP_062353611.1|WP_068805178.1|WP_069037425.1|WP_126768911.1|WP_130433995.1|WP_008327298.1|WP_011785686.1|SMB26786.1|WP_108420862.1|BBG72102.1|WP_012831206.1|KER84787.1|OHC63200.1|WP_100118974.1|RYF73834.1|WP_133602686.1|CDH44918.1|WP_038212960.1|WP_107729813.1|WP_124446715.1|RTL46997.1|WP_108887811.1|OIO78136.1|WP_072427658.1","AMP binding","53","ENR","GO:0016208","-1.5512","0.0052","GO:0016208","false","GO:0016208"
"3320","0.9916","0.6029","0.1968","GO:0006164
","0.9668","WP_091940279.1|OYY97468.1|BBG73684.1|WP_136772352.1|WP_108174159.1|WP_089979786.1|WP_013803023.1|WP_027458528.1|WP_079432965.1|KFB67410.1|OJW50036.1|WP_028999183.1|PCJ90260.1|OHC66337.1|WP_079434945.1|PKO34488.1|WP_050415580.1|PZO12500.1|TAL76248.1|WP_007146917.1|WP_121458434.1|WP_011288072.1|WP_075147398.1|PPC82626.1|WP_026860900.1|OJX10338.1|WP_120234280.1|RTL31836.1|AAF84777.1|WP_071853686.1|WP_018109488.1|WP_026687973.1|AKJ29192.1","purine nucleotide biosynthetic process","33","ENR","GO:0006164","1.6017","0.0084","GO:0006164","false","GO:0006164"
"3321","-0.9967","-0.662","0.0646","2VM27
","0.7202","WP_132570931.1|WP_128196787.1|WP_004252965.1|WP_012206517.1|WP_019919114.1|WP_026685518.1|WP_053419840.1|RTL03953.1|WP_011766315.1|KFB73466.1|WP_131111132.1|SBT09970.1|WP_008062595.1|WP_028248820.1|SBT05161.1|WP_047195791.1|ACV34416.1|EXI89540.1|PKO62809.1|EXI89542.1|EXI92924.1|KFB66372.1|WP_013966642.1|KFB66374.1|WP_004303499.1|KFB71000.1|KFB75399.1|WP_066883411.1|WP_079434031.1|WP_110524092.1|WP_117609169.1","Belongs to the ompA family","31","ENR","2VM27","-1.687","0.0033","2VM27","false","2VM27"
"3322","-0.9974","-0.557","0.127","GO:0008940
","0.9882","WP_087648738.1|BBG74083.1|WP_011397794.1|KFB69440.1|WP_070987526.1|WP_110258092.1|WP_092997584.1|TAL86698.1|WP_132542637.1|RUQ40370.1|WP_004301710.1|WP_012203041.1|WP_121428012.1|WP_014235623.1|ODS71062.1|EXI81806.1|OGV72118.1|OIP07408.1|RTL04036.1|WP_096701767.1|PKO85107.1|WP_124220621.1|WP_054965449.1|WP_116533705.1|OJY87033.1|WP_117609637.1|WP_136350261.1|WP_020564490.1|WP_090018893.1|WP_095195086.1|WP_114972116.1|WP_010463004.1|WP_012585584.1|STP13002.1|WP_015433959.1|WP_027457213.1|WP_028994809.1|WP_021249830.1|WP_026685578.1|WP_043820335.1|WP_027457638.1|ODS95854.1|WP_042414725.1|OJW48878.1|WP_079435464.1|WP_093358733.1|WP_094267261.1|WP_096450825.1|WP_109040509.1|WP_109119697.1|WP_121457220.1|WP_137098945.1|WP_056197883.1|RTL46920.1|WP_055423062.1|RTL24866.1","nitrate reductase activity","56","ENR","GO:0008940","-1.5753","0.0026","GO:0008940","false","GO:0008940"
"3323","-0.9837","-0.6016","0.1611","2VIJF
","0.9989","WP_007866641.1|TAK91950.1|WP_004361350.1|WP_011239598.1|WP_011288588.1|WP_056876738.1|WP_012204342.1|WP_114401430.1|WP_015435441.1|WP_128198914.1|WP_028995009.1|OFZ97010.1|OHC70316.1|WP_090702123.1|PKO90014.1|WP_117609045.1|WP_121241506.1|WP_121457279.1|RTL37413.1|TAH41053.1|TEX44640.1|EXI78438.1|EXI68690.1|EXI79150.1|KFB68261.1|KFB77946.1|OJY14595.1|RZI70655.1|KPK19984.1|OIP08438.1","Belongs to the citrate synthase family","30","ENR","2VIJF","-1.5231","0.0163","2VIJF","false","2VIJF"
"3324","0.9652000000000001","0.7028","0.243","GO:0042773
","0.9937","WP_041098133.1|OFZ84184.1|WP_084523234.1|WP_056665801.1|WP_121429601.1|WP_136346322.1|PKO82142.1|RTL25274.1|WP_109041271.1|EXI77970.1|SBT08745.1|WP_011765135.1|WP_027456248.1|WP_028994587.1|RTL25836.1","ATP synthesis coupled electron transport","15","ENR","GO:0042773","1.5524","0.0348","GO:0042773","false","GO:0042773"
"3325","-0.9944","-0.6734","0.0618","GO:0000015
","0.7775","WP_100378545.1|KFB68186.1|EXI74690.1|EXI86829.1|KFB66257.1|OLL99361.1|WP_042422614.1|OGS92337.1|OHC67264.1|WP_102041803.1|CCL39299.1|PKO71921.1|WP_106748256.1|PZP66845.1|TKT73400.1|WP_084055521.1|WP_088344563.1|SPS06403.1|WP_048674821.1|OGW34266.1|KIF33670.1|WP_079690089.1|RUQ37377.1|KXK23501.1|RUT95275.1|ODT50015.1|WP_079446987.1|OLC74155.1","phosphopyruvate hydratase complex","28","ENR","GO:0000015","-1.674","0.0056","GO:0000015","false","GO:0000015"
"3326","-0.9998","-0.6157","0.06","COG1028
","0.3687","WP_055423698.1|WP_012204702.1|PZP35811.1|WP_014237572.1|WP_015436736.1|WP_027458166.1|RPJ44264.1|RTK98005.1|WP_004579485.1|GBE42232.1|RYF80491.1|WP_110016609.1|TEX48147.1|CDH47611.1|PZQ52337.1|WP_137098281.1|WP_034994456.1|WP_079436674.1|WP_124219361.1|WP_008121844.1|PKO83537.1|WP_105998743.1|WP_108893374.1|WP_024516532.1|EXI90689.1|WP_048670196.1|KFB74895.1|WP_062590256.1|SBT06690.1|WP_088382570.1|PKP68941.1|GCL61065.1|WP_112993160.1|WP_042822737.1|OYU49894.1|WP_129635243.1|WP_004259356.1|WP_004266007.1|WP_066879382.1|WP_069037386.1|PPR64223.1|OHC72288.1|OJX17264.1|WP_076092920.1|WP_079436675.1|WP_106747191.1|PKO37690.1|KFB77420.1|EXI80970.1|OJW50701.1|WP_107694191.1|OYW41808.1|PZQ24575.1|TAK80989.1|OQW98249.1|WP_117608680.1|ALL65941.1|OGB18647.1|WP_036246954.1","Short-chain dehydrogenase reductase Sdr","59","ENR","COG1028","-1.7617","2.0E-4","COG1028","false","COG1028"
"3327","-0.977","-0.6086","0.1899","GO:0009678
","0.9999","WP_027459158.1|WP_040039379.1|OGA33678.1|OGA54848.1|OQW70483.1|WP_092933185.1|PKO46473.1|WP_106748051.1|WP_108174417.1|WP_046849784.1|WP_136383560.1|WP_062357469.1|GBD23787.1|WP_066884054.1|OJW48649.1|WP_074708295.1|WP_012807184.1|EXI84398.1|PIX96075.1|OQW94285.1|KFB77167.1|RLS34308.1|OWK18546.1|WP_082034659.1|ODT53893.1|OYU75542.1","hydrogen-translocating pyrophosphatase activity","26","ENR","GO:0009678","-1.4971","0.023","GO:0009678","false","GO:0009678"
"3328","-0.95","-0.6047","0.2339","1MUXX
","1.0","WP_068417668.1|WP_056342529.1|WP_011237922.1|WP_011289727.1|KFB77383.1|WP_020204933.1|EPZ14081.1|WP_028993732.1|WP_079435329.1|OUR93722.1|TAH40782.1|EXI88868.1|SBT04792.1|KFB78396.1|WP_021250893.1|WP_027948216.1|OGB39869.1|PKO33963.1|WP_103044472.1|WP_110266925.1|WP_035028480.1|TAL00290.1","Catalyzes the reversible interconversion of isobutyryl- CoA and n-butyryl-CoA, using radical chemistry. Also exhibits GTPase activity, associated with its G-protein domain (MeaI) that functions as a chaperone that assists cofactor delivery and proper holo-enzyme assembly","22","ENR","1MUXX","-1.4371","0.05","1MUXX","false","1MUXX"
"3329","-0.9986","-0.6453","0.0484","1MUKX
","0.5504","WP_013215864.1|WP_055037836.1|WP_075187930.1|WP_007866641.1|WP_011158456.1|WP_068082899.1|TAK91950.1|WP_004651294.1|WP_108176835.1|WP_004361350.1|WP_011239598.1|WP_011288588.1|WP_056876738.1|WP_012204342.1|WP_114401430.1|WP_015435441.1|WP_128198914.1|WP_028995009.1|OFZ97010.1|OHC70316.1|WP_090702123.1|PKO90014.1|WP_117609045.1|WP_121241506.1|WP_121457279.1|RTL37413.1|TAH41053.1|TEX44640.1|EXI78438.1|EXI68690.1|EXI79150.1|KFB68261.1|KFB77946.1|OJY14595.1|RZI70655.1|WP_042084243.1|KPK19984.1|OIP08438.1|PJI38023.1|WP_133314182.1","Belongs to the citrate synthase family","40","ENR","1MUKX","-1.7234","0.0014","1MUKX","false","1MUKX"
"3330","0.9894","0.7239","0.1401","COG0069
","0.7218","WP_079434406.1|WP_102245658.1|WP_117610156.1|WP_130459456.1|WP_078121737.1|PHY03308.1|OZB45857.1|AGW92175.1|WP_102040584.1|EXI82919.1|OGB53242.1|KFB78215.1|WP_026259429.1|ODU69919.1|WP_100265336.1|EEQ94142.1|RTL26355.1|WP_011285986.1|WP_050417645.1","glutamate synthase activity","19","ENR","COG0069","1.7012","0.0106","COG0069","false","COG0069"
"3331","0.9993","0.5357","0.1542","GO:0004812
","0.8608","WP_079436935.1|WP_004084640.1|WP_115859473.1|WP_035606034.1|WP_053171628.1|PKO36808.1|SDK69953.1|WP_079437052.1|WP_026686701.1|WP_079435811.1|AJP47391.1|WP_023398858.1|WP_079436653.1|TAH50398.1|TAJ78630.1|WP_124863951.1|WP_114481836.1|WP_027457591.1|EXI77606.1|KFB68460.1|BBG72354.1|WP_079435336.1|OGW39046.1|WP_014235783.1|WP_121240971.1|WP_043958486.1|WP_079432882.1|WP_099407460.1|WP_120997741.1|WP_050414481.1|BAO81333.1|WP_088280307.1|OYV32593.1|WP_079433649.1|PHM18746.1|WP_110526395.1|PKO34638.1|WP_022966273.1|WP_091962975.1|WP_107493691.1|WP_062537947.1|WP_079436965.1|WP_077033477.1|OJX12888.1|WP_014238374.1|RIX44692.1|CCD40799.1|WP_136220587.1|OGT10716.1|KYP10271.1|WP_126446303.1|WP_107159794.1|WP_115687782.1|PKO34735.1|WP_121459426.1|KPP96145.1|KFB77884.1|EAY62807.1|WP_028995019.1|WP_041099466.1|PKO90048.1|RTL30820.1|WP_011765220.1|WP_079435984.1|RTL28737.1|WP_075585271.1|WP_121459512.1|WP_011238311.1|WP_015434924.1|ABX34483.1|TEX48482.1|SBT07014.1|WP_110528740.1|KFB71335.1|WP_018410904.1|KFB77671.1|WP_079433563.1|EXI65372.1","aminoacyl-tRNA ligase activity","78","ENR","GO:0004812","1.6606","7.0E-4","GO:0004812","false","GO:0004812"
"3332","0.9921","0.7305","0.1247","1MU7B
","0.7461","WP_079434406.1|WP_102245658.1|WP_117610156.1|WP_130459456.1|WP_078121737.1|OZB45857.1|AGW92175.1|WP_102040584.1|EXI82919.1|OGB53242.1|KFB78215.1|WP_026259429.1|ODU69919.1|WP_100265336.1|EEQ94142.1|RTL26355.1|WP_011285986.1|WP_050417645.1","glutamate synthase","18","ENR","1MU7B","1.6952","0.0079","1MU7B","false","1MU7B"
"3333","0.9906","0.7239","0.1588","COG0067
","0.8484","WP_079434406.1|WP_102245658.1|WP_117610156.1|WP_130459456.1|WP_078121737.1|PHY03308.1|OZB45857.1|AGW92175.1|WP_102040584.1|EXI82919.1|OGB53242.1|KFB78215.1|WP_026259429.1|ODU69919.1|WP_100265336.1|EEQ94142.1|WP_011285986.1|WP_050417645.1","glutamate synthase","18","ENR","COG0067","1.6647","0.0094","COG0067","false","COG0067"
"3334","-0.9787","-0.6126","0.1836","2VH8R
","0.9996","KFB74895.1|SBT06690.1|WP_088382570.1|GCL61065.1|WP_112993160.1|WP_004259356.1|WP_004266007.1|WP_066879382.1|WP_069037386.1|OHC72288.1|OJX17264.1|WP_076092920.1|WP_079436675.1|PKO37690.1|TAK80989.1|WP_117608680.1|WP_014237572.1|WP_015436736.1|WP_027458166.1|RPJ44264.1|RYF80491.1|TEX48147.1|CDH47611.1|WP_079436674.1|WP_124219361.1|PKO83537.1|EXI90689.1","Belongs to the short-chain dehydrogenases reductases (SDR) family","27","ENR","2VH8R","-1.5043","0.0213","2VH8R","false","2VH8R"
"3335","-0.9707","-0.6087","0.2045","COG3808
","0.9999","WP_027459158.1|WP_040039379.1|OGA33678.1|OGA54848.1|OQW70483.1|WP_092933185.1|PKO46473.1|WP_106748051.1|WP_108174417.1|WP_046849784.1|WP_136383560.1|WP_062357469.1|GBD23787.1|WP_066884054.1|OJW48649.1|WP_074708295.1|WP_012807184.1|PIX96075.1|EXI84398.1|OQW94285.1|KFB77167.1|RLS34308.1|WP_082034659.1|ODT53893.1|OYU75542.1","pump that utilizes the energy of pyrophosphate hydrolysis as the driving force for","25","ENR","COG3808","-1.4822","0.0293","COG3808","false","COG3808"
"3336","-0.9874","-0.7358","0.0965","COG1392
","0.9454","EXI68620.1|EXI68623.1|WP_027459037.1|KFB75089.1|WP_012207147.1|KFB75091.1|EXI86345.1|KFB74231.1|EXI67961.1|RDE52272.1|KFB67540.1|KFB71158.1|EXI90708.1|KFB71918.1|WP_079434981.1|EXI85807.1","Protein of unknown function DUF47","16","ENR","COG1392","-1.6162","0.0126","COG1392","false","COG1392"
"3337","-0.9989","-0.6363","0.055","K01647
","0.5148","WP_013215864.1|WP_055037836.1|WP_075187930.1|WP_007866641.1|WP_011158456.1|WP_068082899.1|TAK91950.1|WP_004651294.1|WP_108176835.1|OGP09261.1|WP_004361350.1|WP_011239598.1|WP_011288588.1|WP_056876738.1|WP_012204342.1|WP_114401430.1|WP_015435441.1|WP_128198914.1|WP_028995009.1|OFZ97010.1|OHC70316.1|WP_090702123.1|PKO90014.1|WP_117609045.1|WP_121241506.1|WP_121457279.1|RTL37413.1|TAH41053.1|TEX44640.1|WP_084269874.1|EXI78438.1|EXI68690.1|WP_020891317.1|EXI79150.1|PZR33558.1|KFB68261.1|KFB77946.1|OJY14595.1|RZI70655.1|WP_042084243.1|KPK19984.1|OIP08438.1|PJI38023.1|WP_133314182.1","CS, gltA; citrate synthase [EC:2.3.3.1]","44","ENR","K01647","-1.7304","0.0011","K01647","false","K01647"
"3338","-0.9947","-0.6734","0.0606","K01689
","0.785","WP_100378545.1|KFB68186.1|EXI74690.1|EXI86829.1|KFB66257.1|OLL99361.1|WP_042422614.1|OGS92337.1|OHC67264.1|WP_102041803.1|CCL39299.1|PKO71921.1|WP_106748256.1|PZP66845.1|TKT73400.1|WP_084055521.1|WP_088344563.1|SPS06403.1|WP_048674821.1|KIF33670.1|OGW34266.1|WP_079690089.1|RUQ37377.1|KXK23501.1|ODT50015.1|WP_079446987.1|OLC74155.1","ENO, eno; enolase [EC:4.2.1.11]","27","ENR","K01689","-1.6716","0.0053","K01689","false","K01689"
"3339","0.995","0.7539","0.2274","K01687
","0.6447","WP_011236835.1|WP_050417438.1|WP_066882891.1|WP_132249930.1|OYU48789.1|OYY58949.1|WP_041547671.1|WP_015437464.1|TCW38113.1|WP_035678795.1|WP_117607631.1|RDE50182.1|WP_007680863.1|KFB70734.1|WP_004721665.1|WP_126463609.1|WP_002931890.1","ilvD; dihydroxy-acid dehydratase [EC:4.2.1.9]","17","ENR","K01687","1.7196","0.005","K01687","false","K01687"
"3340","0.9689","0.6904","0.2476","GO:0009086
","0.9959","OGA32108.1|KFB71911.1|WP_081146484.1|WP_133610831.1|WP_054622354.1|KFB71765.1|WP_012207038.1|WP_128113428.1|KXJ49292.1|WP_117291661.1|WP_134600093.1|WP_066883726.1|OIP18259.1|RTL28834.1|BBF87440.1|TEX46077.1","methionine biosynthetic process","16","ENR","GO:0009086","1.5394","0.0311","GO:0009086","false","GO:0009086"
"3341","-0.9998","-0.8704","0.0102","1RB94
","0.0328","SBT07161.1|WP_081444106.1|EXI66301.1|EXI71362.1|WP_015765720.1|EXI66302.1|EXI88854.1|EXI88855.1|KFB66910.1|KFB66912.1|KFB73571.1|KFB73572.1|KFB78005.1|WP_083768692.1|WP_012584828.1|WP_043744385.1","COG3203 Outer membrane protein (porin)","16","ENR","1RB94","-1.9152","2.0E-4","1RB94","false","1RB94"
"3342","0.9943","0.7239","0.1298","GO:0016638
","0.7291","WP_079434406.1|WP_102245658.1|WP_117610156.1|WP_130459456.1|WP_078121737.1|PHY03308.1|OZB45857.1|AGW92175.1|WP_102040584.1|EXI82919.1|OGB53242.1|WP_026259429.1|KFB78215.1|ODU69919.1|WP_100265336.1|EEQ94142.1|RTL26355.1|WP_011285986.1|WP_050417645.1","oxidoreductase activity, acting on the CH-NH2 group of donors","19","ENR","GO:0016638","1.6995","0.0057","GO:0016638","false","GO:0016638"
"3343","0.9836","0.6506","0.2142","GO:0016639
","0.9838","WP_119014034.1|WP_015768580.1|WP_079434405.1|KXK23987.1|WP_010806805.1|WP_026769605.1|ABB07102.1|WP_004342699.1|WP_013801081.1|OQW83199.1|WP_027456550.1|WP_055892111.1|WP_070528401.1|WP_028453473.1|WP_108948184.1|RTL38248.1|WP_002924997.1|PIF43629.1|WP_028454485.1|WP_008904533.1|PKO33941.1|WP_121458005.1","oxidoreductase activity, acting on the CH-NH2 group of donors, NAD or NADP as acceptor","22","ENR","GO:0016639","1.5795","0.0164","GO:0016639","false","GO:0016639"
"3344","-0.9544","-0.5985","0.232","GO:0034220
","1.0","WP_004908491.1|RTL35171.1|WP_029707408.1|WP_056067771.1|WP_069039407.1|WP_062032607.1|RTL02469.1|WP_015765720.1|EXI66302.1|WP_027457674.1|EXI88854.1|WP_119041637.1|RTL02468.1|KFB66912.1|RTL29481.1|WP_014235289.1|KFB73572.1|OJW52383.1|WP_083522852.1|WP_020163549.1|WP_129167265.1|ODU09449.1|RTL35205.1|WP_012584828.1","ion transmembrane transport","24","ENR","GO:0034220","-1.4408","0.0456","GO:0034220","false","GO:0034220"
"3345","-0.9844","-0.7358","0.119","K07220
","0.9785","EXI68620.1|WP_027459037.1|KFB75089.1|WP_012207147.1|KFB75091.1|EXI86345.1|KFB74231.1|EXI67961.1|RDE52272.1|KFB67540.1|KFB71158.1|EXI90708.1|KFB71918.1|WP_079434981.1|EXI85807.1","K07220; uncharacterized protein","15","ENR","K07220","-1.5886","0.0156","K07220","false","K07220"
"3346","-0.9973","-0.4969","0.163","GO:0006096
","0.9988","WP_026685983.1|WP_117607706.1|WP_093489849.1|RYD14141.1|WP_034394191.1|WP_065295771.1|WP_123238152.1|WP_012585859.1|WP_079436808.1|OYU71320.1|OLL99361.1|WP_042422614.1|PZQ33640.1|OGS92337.1|OHC67264.1|WP_102041803.1|PKO71921.1|WP_106748256.1|PZP66845.1|TKT73400.1|WP_084055521.1|WP_088344563.1|SPS06403.1|WP_048674821.1|OGW34266.1|KIF33670.1|WP_079690089.1|RUQ37377.1|KXK23501.1|RUT95275.1|ODT50015.1|WP_079446987.1|OLC74155.1|EXI80837.1|WP_011289321.1|KFB76430.1|KFB69543.1|WP_008452502.1|WP_054622132.1|RUQ29426.1|WP_020159118.1|KFB67736.1|WP_048670083.1|WP_056668985.1|WP_116959715.1|KFB76976.1|WP_088813028.1|TAK62445.1|ENO90395.1|WP_011289320.1|KFB71875.1|WP_110256738.1|SCX09618.1|WP_102041087.1|WP_042696011.1|PKO70472.1|PZQ33641.1|RTL28629.1|WP_055422581.1|EXI69339.1|KFB75500.1|WP_034915631.1|KFB68027.1|WP_100378545.1|KFB68186.1|EXI74690.1|EXI86829.1|KFB66257.1|WP_011289319.1|WP_009666709.1|WP_132954529.1|ABX33474.1|TAJ23137.1|WP_049427409.1|TFG85554.1|WP_136250357.1|WP_120787188.1|CCL39299.1|AHF26009.1|WP_015765413.1|PSR11473.1|WP_058718401.1|WP_116533100.1|WP_066739413.1|OJW54111.1|OFZ89174.1|WP_090829332.1|OHC67063.1|OQW39610.1|EXI69340.1|ARX77499.1|PKM12704.1|TAK63678.1|TAN64622.1|WP_014149724.1|PKO34796.1|PHS72888.1|OIP82009.1","glycolytic process","98","ENR","GO:0006096","-1.5249","0.0027","GO:0006096","false","GO:0006096"
"3347","-1.0","-0.7875","0.0036","GO:0009325
","0.0039","WP_137098945.1|WP_056197883.1|RTL46920.1|WP_087648738.1|BBG74083.1|WP_011397794.1|KFB69440.1|WP_070987526.1|WP_110258092.1|WP_092997584.1|TAL86698.1|WP_132542637.1|RUQ40370.1|WP_004301710.1|WP_012203041.1|WP_121428012.1|ODS71062.1|OGV72118.1|RTL04036.1|WP_124220621.1|WP_055423062.1|WP_054965449.1|OJY87033.1|WP_020564490.1|WP_090018893.1|WP_010463004.1|WP_012585584.1|WP_027457213.1|WP_028994809.1|WP_043820335.1|RTL24866.1|ODS95854.1","nitrate reductase complex","32","ENR","GO:0009325","-2.0124","0.0","GO:0009325","false","GO:0009325"
"3348","0.9936","0.6325","0.1619","COG1879
","0.8896","WP_126011369.1|WP_035830524.1|WP_121583118.1|WP_106771756.1|WP_029074649.1|WP_072602426.1|TIY08164.1|KXK50159.1|WP_112599519.1|WP_121583689.1|KXK22029.1|ODT20068.1|WP_119069918.1|WP_121579838.1|RWB10060.1|WP_014331664.1|WP_119272875.1|WP_046864324.1|RWI91810.1|WP_008839394.1|WP_069911922.1|ODS82412.1|WP_121580096.1|WP_007607749.1|WP_121580294.1|WP_088151179.1|WP_047559843.1|CCV15083.1|WP_121582708.1|WP_063332007.1","ABC-type sugar transport system periplasmic component","30","ENR","COG1879","1.6491","0.0064","COG1879","false","COG1879"
"3349","-0.9929","-0.7546","0.0638","GO:0004553
","0.8161","EXI85937.1|KFB69642.1|RKZ36367.1|WP_029611354.1|WP_136734941.1|SBT06169.1|KFB74183.1|EXI81048.1|KFB67156.1|KFB75670.1|SBT08608.1|WP_017871813.1|KFB68016.1|EXI73434.1|GAS94658.1|WP_012203192.1","hydrolase activity, hydrolyzing O-glycosyl compounds","16","ENR","GO:0004553","-1.6637","0.0071","GO:0004553","false","GO:0004553"
"3350","0.9667","0.6958","0.2461","GO:0005886
","0.9928","RJP50594.1|CQR51912.1|WP_096786254.1|ACB35829.1|KXK12513.1|WP_067954662.1|AZO53005.1|WP_037125791.1|WP_106572617.1|WP_012204065.1|TAG02057.1|WP_116622085.1|WP_088280496.1|WP_136960488.1|WP_008598381.1|WP_036484010.1","plasma membrane","16","ENR","GO:0005886","1.5563","0.0333","GO:0005886","false","GO:0005886"
"3351","-0.9969","-0.6734","0.0682","COG0148
","0.7193","WP_100378545.1|KFB68186.1|EXI74690.1|EXI86829.1|KFB66257.1|OLL99361.1|WP_042422614.1|OGS92337.1|OHC67264.1|WP_102041803.1|CCL39299.1|PKO71921.1|WP_106748256.1|PZP66845.1|TKT73400.1|WP_084055521.1|WP_088344563.1|SPS06403.1|WP_048674821.1|KIF33670.1|OGW34266.1|WP_079690089.1|RUQ37377.1|RUT95275.1|KXK23501.1|ODT50015.1|WP_079446987.1|OLC74155.1","phosphopyruvate hydratase activity","28","ENR","COG0148","-1.6872","0.0031","COG0148","false","COG0148"
"3352","-0.9644","-0.6087","0.2119","K15987
","1.0","WP_027459158.1|WP_040039379.1|OGA33678.1|OGA54848.1|OQW70483.1|WP_092933185.1|PKO46473.1|WP_106748051.1|WP_108174417.1|WP_046849784.1|WP_136383560.1|WP_062357469.1|GBD23787.1|WP_066884054.1|OJW48649.1|WP_074708295.1|WP_012807184.1|PIX96075.1|EXI84398.1|OQW94285.1|KFB77167.1|WP_082034659.1|ODT53893.1|RLS34308.1","hppA; K(+)-stimulated pyrophosphate-energized sodium pump","24","ENR","K15987","-1.469","0.0356","K15987","false","K15987"
"3353","0.9993","0.6208","0.192","GO:0000155
","0.4093","RTL39489.1|WP_079435302.1|RTL35170.1|WP_079433332.1|WP_023401598.1|WP_114361224.1|RJR09637.1|RTL35065.1|WP_127004868.1|WP_007041564.1|OIP12852.1|WP_082400291.1|WP_107220493.1|WP_012585247.1|WP_132975974.1|WP_085773099.1|OLB96090.1|WP_083859815.1|AWH61885.1|WP_117010228.1|RTL35940.1|OGU10417.1|WP_129884494.1|THD47362.1|WP_067193642.1|WP_066884466.1|WP_015178165.1|RTL42903.1|WP_036482041.1|WP_011289618.1|WP_082853035.1|WP_126462299.1|WP_079434806.1|RTL34001.1|WP_015181186.1|WP_015437424.1|WP_062357585.1|ODV42105.1|WP_102040908.1|WP_066860408.1|WP_079436891.1|PKO81323.1|REK06819.1|WP_116980805.1|WP_084542403.1|OJW32004.1|ABO59198.1|WP_132544237.1|RTL40889.1","phosphorelay sensor kinase activity","49","ENR","GO:0000155","1.7741","7.0E-4","GO:0000155","false","GO:0000155"
"3354","-0.9975","-0.6245","0.064","K00023
","0.7379","KFB74895.1|WP_062590256.1|SBT06690.1|WP_088382570.1|PKP68941.1|GCL61065.1|WP_112993160.1|WP_042822737.1|OYU49894.1|WP_129635243.1|WP_004259356.1|WP_004266007.1|WP_055423698.1|WP_066879382.1|WP_069037386.1|OHC72288.1|OJX17264.1|WP_076092920.1|WP_079436675.1|PKO37690.1|TAK80989.1|WP_117608680.1|WP_014237572.1|WP_015436736.1|WP_027458166.1|RPJ44264.1|RTK98005.1|RYF80491.1|TEX48147.1|CDH47611.1|PZQ52337.1|WP_137098281.1|WP_034994456.1|WP_079436674.1|WP_124219361.1|WP_008121844.1|PKO83537.1|WP_105998743.1|WP_108893374.1|WP_024516532.1|EXI90689.1|WP_048670196.1","phbB; acetoacetyl-CoA reductase [EC:1.1.1.36]","42","ENR","K00023","-1.6831","0.0025","K00023","false","K00023"
"3355","0.9849","0.7306","0.1709","K00265
","0.9155","WP_079434406.1|WP_102245658.1|WP_117610156.1|WP_130459456.1|WP_078121737.1|OZB45857.1|AGW92175.1|WP_102040584.1|EXI82919.1|KFB78215.1|WP_026259429.1|ODU69919.1|WP_100265336.1|EEQ94142.1|WP_011285986.1|WP_050417645.1","gltB; glutamate synthase (NADPH) large chain [EC:1.4.1.13]","16","ENR","K00265","1.6368","0.0151","K00265","false","K00265"
"3356","-0.9642","-0.5894","0.2229","K00024
","1.0","OFX78209.1|KFB77939.1|WP_000813006.1|WP_091935138.1|WP_106747153.1|WP_028500682.1|PKO83985.1|WP_011500960.1|WP_015279261.1|WP_086067986.1|CDH47300.1|WP_067661542.1|EIL97467.1|OJU29200.1|WP_004303349.1|WP_062352354.1|WP_066882616.1|WP_087281662.1|PKO34329.1|WP_110524736.1|WP_114695583.1|PZR27705.1|GCL66026.1|WP_079685062.1|WP_087660431.1|WP_031408364.1|PZN56990.1|WP_079418842.1","mdh; malate dehydrogenase [EC:1.1.1.37]","28","ENR","K00024","-1.4596","0.0358","K00024","false","K00024"
"3357","-0.9534","-0.6047","0.2301","COG1884
","1.0","WP_068417668.1|WP_056342529.1|WP_011237922.1|WP_011289727.1|KFB77383.1|WP_020204933.1|EPZ14081.1|WP_028993732.1|WP_079435329.1|OUR93722.1|TAH40782.1|EXI88868.1|SBT04792.1|KFB78396.1|WP_021250893.1|WP_027948216.1|OGB39869.1|PKO33963.1|WP_103044472.1|WP_110266925.1|WP_035028480.1|TAL00290.1","methylmalonyl-CoA mutase activity","22","ENR","COG1884","-1.4368","0.0466","COG1884","false","COG1884"
"3358","-0.9986","-0.6363","0.0508","GO:0004108
","0.5156","WP_013215864.1|WP_055037836.1|WP_075187930.1|WP_007866641.1|WP_011158456.1|WP_068082899.1|TAK91950.1|WP_004651294.1|WP_108176835.1|WP_004361350.1|OGP09261.1|WP_011239598.1|WP_011288588.1|WP_056876738.1|WP_012204342.1|WP_015435441.1|WP_114401430.1|WP_128198914.1|WP_028995009.1|OFZ97010.1|OHC70316.1|WP_090702123.1|PKO90014.1|WP_117609045.1|WP_121241506.1|WP_121457279.1|RTL37413.1|TAH41053.1|TEX44640.1|WP_084269874.1|EXI78438.1|EXI68690.1|WP_020891317.1|EXI79150.1|KFB68261.1|PZR33558.1|KFB77946.1|OJY14595.1|RZI70655.1|WP_042084243.1|KPK19984.1|OIP08438.1|PJI38023.1|WP_133314182.1","citrate (Si)-synthase activity","44","ENR","GO:0004108","-1.7303","0.0014","GO:0004108","false","GO:0004108"
"3359","-0.9637","-0.6174","0.2186","COG0191
","1.0","WP_015765413.1|WP_058718401.1|WP_116533100.1|WP_066739413.1|OJW54111.1|WP_055422581.1|WP_011289321.1|WP_008452502.1|WP_054622132.1|RUQ29426.1|WP_020159118.1|KFB67736.1|WP_048670083.1|WP_056668985.1|WP_116959715.1|WP_088813028.1|TAK62445.1|WP_110256738.1|SCX09618.1|PKO70472.1|OIP82009.1|RTL28629.1","fructose-bisphosphate aldolase activity","22","ENR","COG0191","-1.4594","0.0363","COG0191","false","COG0191"
"3360","0.9761","0.7145","0.2003","COG0070
","0.9736","WP_079434406.1|WP_102245658.1|WP_117610156.1|WP_130459456.1|WP_078121737.1|PHY03308.1|OZB45857.1|AGW92175.1|WP_102040584.1|EXI82919.1|OGB53242.1|KFB78215.1|ODU69919.1|EEQ94142.1|WP_011285986.1|WP_050417645.1","L-glutamate biosynthetic process","16","ENR","COG0070","1.5935","0.0239","COG0070","false","COG0070"
"3361","-0.9545","-0.5819","0.2311","GO:0006090
","1.0","WP_015452305.1|OGU32972.1|CDH47039.1|WP_016447601.1|WP_079436687.1|WP_079689588.1|AVS95426.1|WP_111458653.1|WP_025426208.1|WP_069046760.1|WP_104799308.1|WP_119718228.1|WP_044834673.1|RQL72130.1|WP_013767690.1|WP_011239099.1|EXI89332.1|EXI93095.1|WP_027458585.1|KFB70585.1|KFB76033.1|SBT04026.1|RIX49442.1|WP_133587362.1|TEX46156.1|WP_069873608.1|OHD65405.1","pyruvate metabolic process","27","ENR","GO:0006090","-1.4337","0.0455","GO:0006090","false","GO:0006090"
"3362","-0.9912","-0.6799","0.0906","1MU1N
","0.9307","WP_100378545.1|KFB68186.1|EXI74690.1|EXI86829.1|KFB66257.1|WP_042422614.1|OGS92337.1|OHC67264.1|WP_102041803.1|PKO71921.1|WP_106748256.1|PZP66845.1|TKT73400.1|WP_084055521.1|WP_088344563.1|SPS06403.1|WP_048674821.1|OGW34266.1|RUQ37377.1|RUT95275.1|ODT50015.1|WP_079446987.1|OLC74155.1","Catalyzes the reversible conversion of 2- phosphoglycerate into phosphoenolpyruvate. It is essential for the degradation of carbohydrates via glycolysis","23","ENR","1MU1N","-1.626","0.0088","1MU1N","false","1MU1N"
"3363","-0.9967","-0.7871","0.0506","GO:0016625
","0.3925","WP_019227724.1|KFB75060.1|WP_066885384.1|PKO57203.1|WP_079433894.1|OZB12477.1|RTK97250.1|WP_069037846.1|WP_131110840.1|EXI89336.1|OIP09882.1|WP_029526790.1|KFB73396.1|KXK04281.1|WP_029000732.1|SFN35905.1|WP_048471227.1","oxidoreductase activity, acting on the aldehyde or oxo group of donors, iron-sulfur protein as acceptor","17","ENR","GO:0016625","-1.7562","0.0033","GO:0016625","false","GO:0016625"
"3364","-0.9981","-0.8","0.078","1MW9S
","0.2885","ODS71062.1|OGV72118.1|RTL04036.1|WP_055423062.1|WP_124220621.1|WP_056197883.1|WP_054965449.1|RTL46920.1|OJY87033.1|WP_090018893.1|AAM62210.1|WP_010463004.1|WP_012585584.1|WP_027457213.1|WP_028994809.1|WP_043820335.1|ODS95854.1","Belongs to the prokaryotic molybdopterin-containing oxidoreductase family","17","ENR","1MW9S","-1.781","0.0019","1MW9S","false","1MW9S"
"3365","0.9941","0.7539","0.1545","GO:0004160
","0.6743","WP_011236835.1|WP_050417438.1|WP_066882891.1|OYU48789.1|WP_132249930.1|OYY58949.1|WP_041547671.1|WP_015437464.1|TCW38113.1|WP_035678795.1|WP_117607631.1|RDE50182.1|WP_007680863.1|KFB70734.1|WP_004721665.1|WP_126463609.1|WP_002931890.1","dihydroxy-acid dehydratase activity","17","ENR","GO:0004160","1.7123","0.0059","GO:0004160","false","GO:0004160"
"3366","-0.9449","-0.6174","0.2357","1MURX
","1.0","WP_015765413.1|WP_058718401.1|WP_116533100.1|WP_066739413.1|WP_055422581.1|WP_011289321.1|WP_008452502.1|WP_054622132.1|RUQ29426.1|WP_020159118.1|KFB67736.1|WP_048670083.1|WP_056668985.1|WP_116959715.1|WP_088813028.1|TAK62445.1|WP_110256738.1|SCX09618.1|PKO70472.1|RTL28629.1","Aldolase","20","ENR","1MURX","-1.4283","0.0551","1MURX","false","1MURX"
"3367","-0.9983","-0.8","0.0649","COG5013
","0.2981","ODS71062.1|OGV72118.1|RTL04036.1|WP_055423062.1|WP_124220621.1|WP_056197883.1|WP_054965449.1|RTL46920.1|OJY87033.1|WP_090018893.1|AAM62210.1|WP_010463004.1|WP_012585584.1|WP_027457213.1|WP_028994809.1|WP_043820335.1|ODS95854.1","Belongs to the prokaryotic molybdopterin-containing oxidoreductase family","17","ENR","COG5013","-1.7785","0.0017","COG5013","false","COG5013"
"3368","-0.9932","-0.553","0.1454","GO:0046912
","0.9968","OHE60758.1|OGP09261.1|PKO85690.1|WP_101944400.1|WP_126459205.1|WP_056876738.1|WP_014238527.1|WP_114401430.1|WP_018952948.1|WP_128198914.1|WP_029939899.1|WP_012206661.1|WP_084269874.1|OJY14595.1|RZI70655.1|WP_042084243.1|KPK19984.1|OIP08438.1|OLB54551.1|PJI38023.1|WP_133314182.1|WP_013215864.1|WP_055037836.1|WP_075187930.1|WP_007866641.1|WP_011158456.1|WP_068082899.1|TAK91950.1|WP_004651294.1|WP_108176835.1|WP_004361350.1|WP_011239598.1|WP_011288588.1|WP_012204342.1|WP_015435441.1|WP_028995009.1|OFZ97010.1|OHC70316.1|WP_090702123.1|PKO90014.1|WP_117609045.1|WP_121241506.1|WP_121457279.1|RTL37413.1|TAH41053.1|TEX44640.1|EXI78438.1|EXI68690.1|WP_020891317.1|EXI79150.1|KFB68261.1|PZR33558.1|KFB77946.1","transferase activity, transferring acyl groups, acyl groups converted into alkyl on transfer","53","ENR","GO:0046912","-1.5474","0.0068","GO:0046912","false","GO:0046912"
"3369","-0.968","-0.5894","0.2158","COG0039
","1.0","OFX78209.1|KFB77939.1|WP_000813006.1|WP_091935138.1|WP_106747153.1|WP_028500682.1|PKO83985.1|WP_011500960.1|WP_015279261.1|WP_086067986.1|CDH47300.1|WP_067661542.1|EIL97467.1|OJU29200.1|WP_004303349.1|WP_062352354.1|WP_066882616.1|WP_087281662.1|PKO34329.1|WP_110524736.1|WP_114695583.1|PZR27705.1|GCL66026.1|WP_079685062.1|WP_087660431.1|WP_031408364.1|PZN56990.1|WP_079418842.1","L-malate dehydrogenase activity","28","ENR","COG0039","-1.4695","0.032","COG0039","false","COG0039"
"3370","-0.9959","-0.6734","0.0606","GO:0004634
","0.7516","WP_100378545.1|KFB68186.1|EXI74690.1|EXI86829.1|KFB66257.1|OLL99361.1|WP_042422614.1|OGS92337.1|OHC67264.1|WP_102041803.1|CCL39299.1|PKO71921.1|WP_106748256.1|PZP66845.1|TKT73400.1|WP_084055521.1|WP_088344563.1|SPS06403.1|WP_048674821.1|OGW34266.1|KIF33670.1|WP_079690089.1|RUQ37377.1|KXK23501.1|RUT95275.1|ODT50015.1|WP_079446987.1|OLC74155.1","phosphopyruvate hydratase activity","28","ENR","GO:0004634","-1.6794","0.0041","GO:0004634","false","GO:0004634"
"3371","1.0","0.5661","0.1936","GO:0006418
","0.653","WP_079436935.1|WP_004084640.1|WP_115859473.1|WP_035606034.1|WP_053171628.1|PKO36808.1|SDK69953.1|WP_079437052.1|WP_026686701.1|WP_079435811.1|AJP47391.1|WP_023398858.1|TAH50398.1|WP_079436653.1|TAJ78630.1|WP_124863951.1|WP_114481836.1|WP_027457591.1|EXI77606.1|KFB68460.1|BBG72354.1|WP_079435336.1|OGW39046.1|WP_014235783.1|WP_121240971.1|WP_043958486.1|WP_099407460.1|WP_079432882.1|WP_120997741.1|WP_050414481.1|BAO81333.1|WP_088280307.1|OYV32593.1|WP_079433649.1|PHM18746.1|WP_110526395.1|PKO34638.1|WP_022966273.1|WP_091962975.1|WP_107493691.1|WP_062537947.1|WP_079436965.1|WP_077033477.1|OJX12888.1|CCD40799.1|WP_136220587.1|KYP10271.1|KPP96145.1|KFB77884.1|EAY62807.1|WP_028995019.1|WP_041099466.1|PKO90048.1|RTL30820.1|WP_011765220.1|WP_079435984.1|RTL28737.1|WP_075585271.1|WP_011238311.1|WP_015434924.1|ABX34483.1|TEX48482.1|WP_110528740.1|WP_018410904.1|KFB71335.1|KFB77671.1|WP_079433563.1|EXI65372.1","tRNA aminoacylation for protein translation","68","ENR","GO:0006418","1.7178","0.0","GO:0006418","false","GO:0006418"
"3372","-0.9655","-0.6282","0.2028","1MZ2X
","0.9999","RUQ39720.1|CFX52907.1|TAG04184.1|EXI68772.1|WP_072397155.1|WP_018648425.1|OIP08621.1|PKO85271.1|PLY14764.1|WP_012207457.1|WP_106749553.1|WP_026687921.1|PZQ23721.1|RIX47554.1|OZA26907.1|BAL08456.1|WP_003503180.1|KPK18211.1|RTL28043.1|WP_027560139.1|APG95100.1|PKO72549.1","Binds to Cpn60 in the presence of Mg-ATP and suppresses the ATPase activity of the latter","22","ENR","1MZ2X","-1.4804","0.0345","1MZ2X","false","1MZ2X"
"3373","-0.9969","-0.519","0.146","COG0365
","0.9975","WP_113039516.1|EXI80502.1|WP_004356433.1|WP_062308455.1|OYX42542.1|WP_011287385.1|EXI79882.1|WP_027458181.1|EXI89114.1|WP_066879354.1|KFB71744.1|WP_079433904.1|KFB75248.1|WP_094267692.1|WP_117608985.1|WP_121428293.1|RTL28235.1|WP_133591291.1|SUX33145.1|TEX48162.1|RTL24666.1|WP_079500942.1|EXI65852.1|KGA11706.1|WP_051313492.1|WP_082590223.1|WP_108515188.1|PYQ36883.1|WP_121352471.1|WP_106750131.1|EXI67290.1|WP_108176231.1|EXI90485.1|KFB77558.1|WP_015434721.1|WP_016445177.1|CDW92237.1|WP_026687144.1|WP_056321934.1|WP_056881558.1|WP_062353611.1|WP_068805178.1|WP_069037425.1|WP_083833987.1|WP_121456916.1|RTL47532.1|WP_126768911.1|WP_130433995.1|WP_004308966.1|WP_008327298.1|WP_011785686.1|WP_050416931.1|PKO80311.1|SMB26786.1|WP_108420862.1|WP_116533741.1|BBG72102.1|WP_004334373.1|WP_012831206.1|WP_019644776.1|KER84787.1|OHC63200.1|WP_076092653.1|WP_100118974.1|RYF73834.1|WP_133602686.1|CDH44918.1|WP_038212960.1|OYU98291.1|WP_107729813.1|WP_124446715.1|RTL46997.1|WP_127399087.1|WP_048673706.1|WP_108887811.1|OIO78136.1|WP_072427658.1","acetate-CoA ligase activity","77","ENR","COG0365","-1.5406","0.0031","COG0365","false","COG0365"
"3374","-0.9937","-0.5535","0.1432","GO:0003987
","0.9968","WP_113039516.1|WP_004356433.1|WP_011287385.1|OYX42542.1|WP_027458181.1|WP_066879354.1|WP_094267692.1|WP_117608985.1|WP_121428293.1|RTL28235.1|WP_133591291.1|TEX48162.1|WP_079500942.1|KGA11706.1|WP_051313492.1|WP_082590223.1|WP_108515188.1|PYQ36883.1|WP_121352471.1|EXI67290.1|WP_106750131.1|WP_108176231.1|EXI90485.1|KFB77558.1|WP_016445177.1|CDW92237.1|WP_026687144.1|WP_056321934.1|WP_056881558.1|WP_062353611.1|WP_068805178.1|WP_069037425.1|WP_126768911.1|WP_130433995.1|WP_008327298.1|WP_011785686.1|SMB26786.1|WP_108420862.1|BBG72102.1|WP_012831206.1|KER84787.1|OHC63200.1|WP_100118974.1|RYF73834.1|WP_133602686.1|CDH44918.1|WP_038212960.1|WP_107729813.1|WP_124446715.1|RTL46997.1|WP_108887811.1|OIO78136.1|WP_072427658.1","acetate-CoA ligase activity","53","ENR","GO:0003987","-1.546","0.0063","GO:0003987","false","GO:0003987"
"3375","0.9998","0.7439","0.0953","GO:0006537
","0.0837","WP_079434406.1|WP_119014034.1|WP_102245658.1|WP_117610156.1|WP_130459456.1|WP_015768580.1|WP_079434405.1|ABB07102.1|AGW92175.1|EEQ94142.1|WP_078121737.1|PHY03308.1|OZB45857.1|WP_028453473.1|WP_102040584.1|RTL38248.1|EXI82919.1|OGB53242.1|WP_026259429.1|KFB78215.1|ODU69919.1|WP_100265336.1|RTL26355.1|WP_011285986.1|PKO33941.1|WP_050417645.1|WP_121458005.1","glutamate biosynthetic process","27","ENR","GO:0006537","1.8956","2.0E-4","GO:0006537","false","GO:0006537"
"3376","-0.9974","-0.802","0.0539","K00371
","0.3765","WP_011397794.1|KFB69440.1|WP_070987526.1|WP_110258092.1|WP_092997584.1|TAL86698.1|WP_137098945.1|WP_132542637.1|RUQ40370.1|WP_004301710.1|WP_012203041.1|WP_121428012.1|AHA36497.1|WP_087648738.1|BBG74083.1|WP_020564490.1","narH, narY, nxrB; nitrate reductase / nitrite oxidoreductase, beta subunit [EC:1.7.5.1 1.7.99.-]","16","ENR","K00371","-1.7599","0.0026","K00371","false","K00371"
"3377","0.9938","0.7553","0.1761","GO:0000162
","0.6733","WP_079433322.1|OIP33749.1|WP_079433243.1|PKO34179.1|RIX40979.1|PKO70808.1|WP_133589568.1|OGA79882.1|WP_079433245.1|OJX20291.1|WP_136348850.1|WP_027457672.1|WP_079433662.1|RYG39240.1|WP_109680178.1|WP_107492639.1|WP_136219810.1","tryptophan biosynthetic process","17","ENR","GO:0000162","1.7126","0.0062","GO:0000162","false","GO:0000162"
"3378","-0.9981","-0.6285","0.0811","K03286
","0.8958","WP_132570931.1|WP_113638305.1|WP_128196787.1|WP_004252965.1|WP_004963936.1|WP_012206517.1|SFN13480.1|WP_087012496.1|WP_019919114.1|WP_062354818.1|WP_026685518.1|WP_053419840.1|WP_076390919.1|WP_011766315.1|WP_131111132.1|TAG09552.1|SBT09970.1|WP_008062595.1|WP_028248820.1|SBT05161.1|WP_047195791.1|ACV34416.1|EXI89540.1|PKO62809.1|EXI89542.1|EXI92924.1|KFB66372.1|WP_013966642.1|KFB66374.1|WP_004303499.1|KFB75399.1|WP_066883411.1|WP_079434031.1|WP_110524092.1|WP_117609169.1|WP_119285296.1","TC.OOP; OmpA-OmpF porin, OOP family","36","ENR","K03286","-1.6393","0.0019","K03286","false","K03286"
"3379","-0.9798","-0.5634","0.2011","1N6EM
","0.9999","WP_132570931.1|WP_128196787.1|WP_004252965.1|WP_012206517.1|WP_019919114.1|WP_026685518.1|WP_053419840.1|WP_058817801.1|WP_088442703.1|WP_088472545.1|PKP87007.1|RTL03953.1|WP_011766315.1|KFB73466.1|WP_131111132.1|SBT09970.1|WP_008062595.1|WP_028248820.1|SBT05161.1|WP_047195791.1|ACV34416.1|WP_066767450.1|EXI89540.1|PKO62809.1|EXI89542.1|GAM98908.1|EXI92924.1|WP_133364611.1|KFB66372.1|WP_013966642.1|KFB66374.1|WP_004303499.1|KFB71000.1|KFB75399.1|WP_066883411.1|WP_079434031.1|WP_110524092.1|WP_117609169.1","Belongs to the ompA family","38","ENR","1N6EM","-1.4871","0.0202","1N6EM","false","1N6EM"
"3380","-0.9976","-0.7763","0.0463","K00370
","0.3971","ODS71062.1|OGV72118.1|RTL04036.1|WP_055423062.1|WP_124220621.1|WP_056197883.1|WP_054965449.1|RTL46920.1|OJY87033.1|WP_090018893.1|WP_010463004.1|WP_012585584.1|WP_027457213.1|OYT18011.1|WP_028994809.1|OYT25237.1|WP_043820335.1|ODS95854.1","narG, narZ, nxrA; nitrate reductase / nitrite oxidoreductase, alpha subunit [EC:1.7.5.1 1.7.99.-]","18","ENR","K00370","-1.7552","0.0024","K00370","false","K00370"
"3381","-0.9637","-0.6174","0.2163","K01624
","1.0","WP_015765413.1|WP_058718401.1|WP_116533100.1|WP_066739413.1|OJW54111.1|WP_055422581.1|WP_011289321.1|WP_008452502.1|WP_054622132.1|RUQ29426.1|WP_020159118.1|KFB67736.1|WP_048670083.1|WP_056668985.1|WP_116959715.1|WP_088813028.1|TAK62445.1|WP_110256738.1|SCX09618.1|PKO70472.1|OIP82009.1|RTL28629.1","FBA, fbaA; fructose-bisphosphate aldolase, class II [EC:4.1.2.13]","22","ENR","K01624","-1.458","0.0363","K01624","false","K01624"
"3382","-0.9988","-0.6245","0.0627","GO:0018454
","0.7472","WP_062590256.1|KFB74895.1|SBT06690.1|WP_088382570.1|PKP68941.1|WP_112993160.1|GCL61065.1|WP_042822737.1|OYU49894.1|WP_129635243.1|WP_004259356.1|WP_004266007.1|WP_066879382.1|WP_055423698.1|WP_069037386.1|OHC72288.1|OJX17264.1|WP_076092920.1|WP_079436675.1|PKO37690.1|TAK80989.1|WP_117608680.1|WP_014237572.1|WP_015436736.1|WP_027458166.1|RPJ44264.1|RTK98005.1|RYF80491.1|TEX48147.1|CDH47611.1|PZQ52337.1|WP_137098281.1|WP_034994456.1|WP_079436674.1|WP_124219361.1|WP_008121844.1|PKO83537.1|WP_105998743.1|WP_108893374.1|WP_024516532.1|EXI90689.1|WP_048670196.1","acetoacetyl-CoA reductase activity","42","ENR","GO:0018454","-1.6805","0.0012","GO:0018454","false","GO:0018454"
"3383","-0.9981","-0.6356","0.0613","1MUEV
","0.6592","KFB74895.1|WP_062590256.1|SBT06690.1|WP_088382570.1|PKP68941.1|GCL61065.1|WP_112993160.1|WP_042822737.1|OYU49894.1|WP_129635243.1|WP_004259356.1|WP_004266007.1|WP_066879382.1|WP_069037386.1|OHC72288.1|OJX17264.1|WP_076092920.1|WP_079436675.1|PKO37690.1|TAK80989.1|WP_117608680.1|WP_014237572.1|WP_015436736.1|WP_027458166.1|RPJ44264.1|RTK98005.1|RYF80491.1|TEX48147.1|CDH47611.1|PZQ52337.1|WP_137098281.1|WP_034994456.1|WP_079436674.1|WP_124219361.1|WP_008121844.1|PKO83537.1|WP_105998743.1|WP_108893374.1|WP_024516532.1|EXI90689.1|WP_048670196.1","Acetoacetyl-CoA reductase","41","ENR","1MUEV","-1.7007","0.0019","1MUEV","false","1MUEV"
"3384","-0.9986","-0.5442","0.1211","1MUF5
","0.9766","WP_113039516.1|EXI80502.1|WP_004356433.1|WP_062308455.1|OYX42542.1|WP_011287385.1|EXI79882.1|WP_027458181.1|EXI89114.1|WP_066879354.1|KFB71744.1|WP_079433904.1|KFB75248.1|WP_094267692.1|WP_117608985.1|WP_121428293.1|RTL28235.1|WP_133591291.1|TEX48162.1|WP_079500942.1|EXI65852.1|WP_106750131.1|EXI67290.1|WP_108176231.1|EXI90485.1|KFB77558.1|WP_015434721.1|WP_016445177.1|CDW92237.1|WP_026687144.1|WP_056321934.1|WP_056881558.1|WP_062353611.1|WP_068805178.1|WP_069037425.1|WP_083833987.1|WP_121456916.1|RTL47532.1|WP_126768911.1|WP_130433995.1|WP_004308966.1|WP_008327298.1|WP_011785686.1|WP_050416931.1|PKO80311.1|SMB26786.1|WP_108420862.1|WP_116533741.1|BBG72102.1|WP_004334373.1|WP_012831206.1|WP_019644776.1|KER84787.1|OHC63200.1|WP_076092653.1|WP_100118974.1|RYF73834.1|WP_133602686.1|CDH44918.1|WP_038212960.1|OYU98291.1|WP_107729813.1|WP_124446715.1|RTL46997.1|WP_127399087.1|WP_048673706.1|WP_108887811.1|OIO78136.1|WP_072427658.1","Catalyzes the conversion of acetate into acetyl-CoA (AcCoA), an essential intermediate at the junction of anabolic and catabolic pathways. AcsA undergoes a two-step reaction. In the first half reaction, AcsA combines acetate with ATP to form acetyl-adenylate (AcAMP) intermediate. In the second half reaction, it can then transfer the acetyl group from AcAMP to the sulfhydryl group of CoA, forming the product AcCoA","69","ENR","1MUF5","-1.5905","0.0014","1MUF5","false","1MUF5"
"3385","-0.9965","-0.5535","0.1482","GO:0019427
","0.9963","WP_113039516.1|WP_004356433.1|WP_011287385.1|OYX42542.1|WP_027458181.1|WP_066879354.1|WP_094267692.1|WP_117608985.1|WP_121428293.1|RTL28235.1|WP_133591291.1|TEX48162.1|WP_079500942.1|KGA11706.1|WP_051313492.1|WP_082590223.1|WP_108515188.1|PYQ36883.1|WP_121352471.1|EXI67290.1|WP_106750131.1|WP_108176231.1|EXI90485.1|KFB77558.1|WP_016445177.1|CDW92237.1|WP_026687144.1|WP_056321934.1|WP_056881558.1|WP_062353611.1|WP_068805178.1|WP_069037425.1|WP_126768911.1|WP_130433995.1|WP_008327298.1|WP_011785686.1|SMB26786.1|WP_108420862.1|BBG72102.1|WP_012831206.1|KER84787.1|OHC63200.1|WP_100118974.1|RYF73834.1|WP_133602686.1|CDH44918.1|WP_038212960.1|WP_107729813.1|WP_124446715.1|RTL46997.1|WP_108887811.1|OIO78136.1|WP_072427658.1","acetyl-CoA biosynthetic process from acetate","53","ENR","GO:0019427","-1.552","0.0035","GO:0019427","false","GO:0019427"
"3386","0.9832","0.6964","0.1789","GO:0071949
","0.9371","RTL36349.1|WP_079436901.1|WP_009520351.1|WP_088179463.1|PLX38131.1|WP_031346030.1|RIX48237.1|TAJ16696.1|WP_136385959.1|WP_101940445.1|KXS32231.1|WP_027457088.1|WP_076097457.1|RTL33733.1|WP_087734096.1|WP_027752048.1|WP_103704738.1|WP_089265924.1","FAD binding","18","ENR","GO:0071949","1.6255","0.0168","GO:0071949","false","GO:0071949"
"3387","-0.9736","-0.5497","0.2137","2VIP3
","1.0","WP_113039516.1|WP_004356433.1|WP_011287385.1|WP_027458181.1|WP_066879354.1|WP_094267692.1|WP_117608985.1|WP_121428293.1|RTL28235.1|WP_133591291.1|TEX48162.1|EXI67290.1|WP_079500942.1|EXI90485.1|KFB77558.1|WP_016445177.1|CDW92237.1|WP_026687144.1|WP_056321934.1|WP_068805178.1|WP_069037425.1|WP_126768911.1|WP_130433995.1|WP_008327298.1|SMB26786.1|WP_108420862.1|BBG72102.1|OHC63200.1|WP_100118974.1|RYF73834.1|WP_133602686.1|WP_038212960.1|OYU98291.1|WP_107729813.1|WP_124446715.1|RTL46997.1|OIO78136.1|WP_072427658.1","Catalyzes the conversion of acetate into acetyl-CoA (AcCoA), an essential intermediate at the junction of anabolic and catabolic pathways. AcsA undergoes a two-step reaction. In the first half reaction, AcsA combines acetate with ATP to form acetyl-adenylate (AcAMP) intermediate. In the second half reaction, it can then transfer the acetyl group from AcAMP to the sulfhydryl group of CoA, forming the product AcCoA","38","ENR","2VIP3","-1.4569","0.0264","2VIP3","false","2VIP3"
"3388","0.9885","0.577","0.2338","GO:0008137
","0.994","WP_076200618.1|WP_041098133.1|OFZ84184.1|WP_088179509.1|WP_084523234.1|WP_056665801.1|WP_121429601.1|WP_021247960.1|WP_136346322.1|WP_079433698.1|BBD77440.1|VEB40909.1|RTL33295.1|WP_079433620.1|WP_027456252.1|ODS60244.1|OFW88070.1|WP_038248771.1|PKO82142.1|RTL25274.1|WP_109041271.1|EKE16576.1|EXI77970.1|SBT08745.1|OYU00436.1|EXI65413.1|AND68027.1|AJP48459.1|WP_011765135.1|WP_027456248.1|WP_090373040.1|WP_028994587.1|PKO37086.1|WP_116497214.1|RTL25836.1","NADH dehydrogenase (ubiquinone) activity","35","ENR","GO:0008137","1.5519","0.0115","GO:0008137","false","GO:0008137"
"3389","-0.9534","-0.599","0.2319","1MV57
","1.0","KFB77939.1|WP_000813006.1|WP_114695583.1|WP_091935138.1|WP_106747153.1|WP_028500682.1|PKO83985.1|WP_011500960.1|WP_015279261.1|WP_086067986.1|CDH47300.1|WP_067661542.1|EIL97467.1|OJU29200.1|WP_004303349.1|WP_062352354.1|WP_066882616.1|WP_087281662.1|PKO34329.1|WP_110524736.1|GCL66026.1|WP_087660431.1|WP_031408364.1|WP_079418842.1","Catalyzes the reversible oxidation of malate to oxaloacetate","24","ENR","1MV57","-1.4435","0.0466","1MV57","false","1MV57"
"3390","0.9938","0.7538","0.2387","COG0129
","0.5802","WP_011236835.1|WP_050417438.1|WP_066882891.1|WP_132249930.1|OYU48789.1|PYV26166.1|OYY58949.1|WP_041547671.1|WP_015437464.1|TCW38113.1|WP_035678795.1|WP_117607631.1|RDE50182.1|WP_007680863.1|KFB70734.1|WP_004721665.1|WP_126463609.1|WP_002931890.1","dihydroxy-acid dehydratase activity","18","ENR","COG0129","1.7343","0.0062","COG0129","false","COG0129"
"3391","-1.0","-0.7875","0.002","GO:0042126
","0.0044","WP_137098945.1|WP_056197883.1|RTL46920.1|WP_087648738.1|BBG74083.1|WP_011397794.1|KFB69440.1|WP_070987526.1|WP_110258092.1|WP_092997584.1|TAL86698.1|WP_132542637.1|RUQ40370.1|WP_004301710.1|WP_012203041.1|WP_121428012.1|ODS71062.1|OGV72118.1|RTL04036.1|WP_124220621.1|WP_055423062.1|WP_054965449.1|OJY87033.1|WP_020564490.1|WP_090018893.1|WP_010463004.1|WP_012585584.1|WP_027457213.1|WP_028994809.1|WP_043820335.1|ODS95854.1","nitrate metabolic process","31","ENR","GO:0042126","-2.0063","0.0","GO:0042126","false","GO:0042126"
"3392","-0.9858","-0.6253","0.1516","GO:0004332
","0.9963","WP_015765413.1|WP_058718401.1|WP_116533100.1|WP_066739413.1|OJW54111.1|WP_011289321.1|WP_008452502.1|WP_054622132.1|RUQ29426.1|WP_020159118.1|KFB67736.1|WP_048670083.1|WP_056668985.1|WP_116959715.1|WP_088813028.1|TAK62445.1|RPH38226.1|WP_110256738.1|SCX09618.1|PKO70472.1|RTL28629.1|WP_004271867.1|OUU58117.1|KXS37958.1|WP_120787188.1|WP_055422581.1|PZQ33640.1|OIP82009.1","fructose-bisphosphate aldolase activity","28","ENR","GO:0004332","-1.5528","0.0142","GO:0004332","false","GO:0004332"
"3393","-1.0","-0.5599","0.0555","GO:0005975
","0.4887","WP_000813006.1|WP_091935138.1|WP_106747153.1|PZN02503.1|WP_028500682.1|PKO83985.1|WP_011500960.1|WP_015279261.1|WP_086067986.1|CDH47300.1|WP_067661542.1|EIL97467.1|EXI81048.1|KFB67156.1|OJU29200.1|KFB75670.1|WP_004303349.1|WP_062352354.1|SBT08608.1|WP_066882616.1|WP_087281662.1|WP_062352650.1|PKO34329.1|RTL96080.1|WP_110524736.1|WP_012207472.1|WP_119283671.1|WP_114695583.1|PZR27705.1|WP_087009485.1|KFB71308.1|KFB67715.1|WP_102248399.1|WP_011289321.1|WP_008452502.1|WP_054622132.1|RUQ29426.1|WP_020159118.1|KFB67736.1|WP_048670083.1|WP_056668985.1|WP_116959715.1|KFB68016.1|WP_088813028.1|EXI73434.1|TAK62445.1|WP_110256738.1|SCX09618.1|PKO70472.1|RTL28629.1|WP_135191550.1|WP_120295782.1|WP_055422581.1|KFB71876.1|OYY58949.1|KFB77501.1|WP_066881766.1|PIV87693.1|PIX98048.1|KFB66621.1|WP_018988831.1|RTL30070.1|SIR35105.1|PZP76077.1|WP_071810841.1|WP_087686425.1|RYF24270.1|GCL66026.1|WP_087660431.1|WP_031408364.1|WP_079418842.1|OFX78209.1|KFB77939.1|WP_015765413.1|WP_058718401.1|EXI88745.1|WP_116533100.1|WP_066739413.1|OJW54111.1|WP_017871813.1|GAS94658.1|KFB74364.1|KFB77754.1|EXI85937.1|KFB69642.1|EXI89764.1|RKZ36367.1|RDE52202.1|WP_029611354.1|WP_059424682.1|WP_136734941.1|WP_015767134.1|SBT06169.1|KFB69643.1|KFB72879.1|KFB75668.1|KFB77235.1|RTL29053.1|EXI76030.1|WP_114393868.1|GBC76964.1|WP_008199426.1|WP_079685062.1|PZN56990.1|OIP82009.1","carbohydrate metabolic process","105","ENR","GO:0005975","-1.7359","0.0","GO:0005975","false","GO:0005975"
"3394","0.9799","0.7245","0.1911","K10439
","0.9555","WP_046864324.1|RWI91810.1|WP_106771756.1|WP_121580096.1|WP_121580294.1|WP_047559843.1|WP_029074649.1|WP_072602426.1|WP_112599519.1|WP_121583689.1|ODT20068.1|WP_119069918.1|WP_121579838.1|RWB10060.1|WP_014331664.1|WP_119272875.1","rbsB; ribose transport system substrate-binding protein","16","ENR","K10439","1.6116","0.0201","K10439","false","K10439"
"3395","-0.948","-0.5572","0.2478","K00163
","1.0","WP_006578225.1|WP_074264145.1|WP_092970126.1|EXI73803.1|EXI83756.1|WP_092313510.1|KFB76431.1|WP_114130432.1|SBT08329.1|WP_016447107.1|WP_056880216.1|PPC93060.1|PKO40842.1|WP_129346886.1|WP_022634846.1|WP_022951868.1|OHE80627.1|WP_092314458.1|WP_004298194.1|WP_027456614.1|WP_075149201.1|WP_076095496.1|WP_079436807.1|WP_107492461.1|WP_108975986.1|WP_110524174.1|WP_117607707.1|RTL25716.1|TEX49723.1","aceE; pyruvate dehydrogenase E1 component [EC:1.2.4.1]","29","ENR","K00163","-1.3959","0.052","K00163","false","K00163"
"3396","-0.9289000000000001","-0.6292","0.2499","2VI3K
","1.0","WP_027459158.1|WP_040039379.1|OGA33678.1|OGA54848.1|OQW70483.1|PKO46473.1|WP_046849784.1|WP_136383560.1|WP_066884054.1|OJW48649.1|WP_074708295.1|WP_012807184.1|PIX96075.1|EXI84398.1|OQW94285.1|KFB77167.1|OYU75542.1","Proton pump that utilizes the energy of pyrophosphate hydrolysis as the driving force for proton movement across the membrane. Generates a proton motive force","17","ENR","2VI3K","-1.4036","0.0711","2VI3K","false","2VI3K"
"3397","-0.9991","-0.6363","0.0486","COG0372
","0.5265","WP_013215864.1|WP_055037836.1|WP_075187930.1|WP_007866641.1|WP_011158456.1|WP_068082899.1|TAK91950.1|WP_004651294.1|WP_108176835.1|OGP09261.1|WP_004361350.1|WP_011239598.1|WP_011288588.1|WP_056876738.1|WP_012204342.1|WP_114401430.1|WP_015435441.1|WP_128198914.1|WP_028995009.1|OFZ97010.1|OHC70316.1|WP_090702123.1|PKO90014.1|WP_117609045.1|WP_121241506.1|WP_121457279.1|RTL37413.1|TAH41053.1|TEX44640.1|WP_084269874.1|EXI78438.1|EXI68690.1|WP_020891317.1|EXI79150.1|PZR33558.1|KFB68261.1|KFB77946.1|OJY14595.1|RZI70655.1|WP_042084243.1|KPK19984.1|OIP08438.1|PJI38023.1|WP_133314182.1","Belongs to the citrate synthase family","44","ENR","COG0372","-1.7284","9.0E-4","COG0372","false","COG0372"
"3398","-0.9987","-0.802","0.0685","COG1140
","0.3625","WP_011397794.1|KFB69440.1|WP_070987526.1|WP_110258092.1|WP_092997584.1|TAL86698.1|WP_137098945.1|WP_132542637.1|RUQ40370.1|WP_004301710.1|WP_012203041.1|WP_121428012.1|AHA36497.1|WP_087648738.1|BBG74083.1|WP_020564490.1","nitrate reductase beta subunit","16","ENR","COG1140","-1.7632","0.0013","COG1140","false","COG1140"
"3399","-0.9969","-0.561","0.1274","K01895
","0.9865","WP_113039516.1|WP_004356433.1|OYX42542.1|WP_011287385.1|WP_027458181.1|WP_066879354.1|WP_094267692.1|WP_117608985.1|WP_121428293.1|RTL28235.1|WP_133591291.1|TEX48162.1|WP_079500942.1|EXI65852.1|KGA11706.1|WP_051313492.1|WP_082590223.1|WP_108515188.1|PYQ36883.1|WP_121352471.1|WP_106750131.1|EXI67290.1|WP_108176231.1|EXI90485.1|KFB77558.1|WP_016445177.1|CDW92237.1|WP_026687144.1|WP_056321934.1|WP_056881558.1|WP_062353611.1|WP_068805178.1|WP_069037425.1|WP_126768911.1|WP_130433995.1|WP_008327298.1|WP_011785686.1|SMB26786.1|WP_108420862.1|BBG72102.1|WP_012831206.1|KER84787.1|OHC63200.1|WP_100118974.1|RYF73834.1|WP_133602686.1|CDH44918.1|WP_038212960.1|WP_107729813.1|WP_124446715.1|RTL46997.1|WP_108887811.1|OIO78136.1|WP_072427658.1","ACSS1_2, acs; acetyl-CoA synthetase [EC:6.2.1.1]","54","ENR","K01895","-1.5782","0.0031","K01895","false","K01895"
"3400","0.9935","0.7239","0.1426","GO:0015930
","0.6888","WP_079434406.1|WP_102245658.1|WP_117610156.1|WP_130459456.1|WP_078121737.1|PHY03308.1|OZB45857.1|AGW92175.1|WP_102040584.1|EXI82919.1|OGB53242.1|WP_026259429.1|KFB78215.1|ODU69919.1|WP_100265336.1|EEQ94142.1|RTL26355.1|WP_011285986.1|WP_050417645.1","glutamate synthase activity","19","ENR","GO:0015930","1.7087","0.0065","GO:0015930","false","GO:0015930"
